Type	Num	Sfx	Title_en_US	Duration	Quiz_Count	Related	Read_Verses	URL	All_Verses	Paraphrases	Title_es_ES	Notes
G	1		דְּבָרִים רִאשֹׁנִים - First Words	15:09	2			https://www.youtube.com/watch?v=y640-FIpxQs			Lección 1	
G	2		Plural Nouns & Adjectives	12:35	2			https://www.youtube.com/watch?v=l7G9xJ9dXXA			Sustantivos y adjetivos en el plural	
R	2		Review Game for Lessons 1–2	3:33				https://www.youtube.com/watch?v=5guHp9NaPRE			Juego de repaso para lecciones 1-2	
G	3		Conjunction and Gender	12:18	2			https://www.youtube.com/watch?v=5aUMhBXZ8Zo			Conjunción y Género	
P	3	b	First vocab in action	14:39				https://www.youtube.com/watch?v=ZRucyjWURK0			Primer vocabulario en acción	
G	4		Subject Pronouns	5:38	1			https://www.youtube.com/watch?v=ukEgnNwrSDI			Pronombres del Sujeto	
P	4	b	Pronoun Practice	12:20				https://www.youtube.com/watch?v=eX804pOic0Y			Práctica con pronombres	
R	4		Review Game for Lessons 3–4	5:08				https://www.youtube.com/watch?v=Vw1EW7n4y-o			Juego de Repaso para Lecciones 3-4	
G	5		Family Terms	15:30	1			https://www.youtube.com/watch?v=C6O7xCDh5r0			Relaciones de familia	
P	5	b	Family & names bonus practice	8:41				https://www.youtube.com/watch?v=4ER7m5u-nWY			Práctica adicional de familia y nombres	
G	6		Prepositions and Location	14:41	2	"1, 2, 3, 4"		https://www.youtube.com/watch?v=yRf9USE_lO4			Preposiciones y Ubicación	
P	6	b	Bonus Preposition Practice	12:40				https://www.youtube.com/watch?v=UeCpI76A6PE			Mas práctica con las preposiciones	
R	6		Review Game for Lessons 5–6	5:01				https://www.youtube.com/watch?v=LB0lmXpnLGs			Juego de repaso para lecciones 5-6	
A	7		Alphabet part 1	14:46	2			https://www.youtube.com/watch?v=8qRlZcY_jXc			Alfabeto o Alefato parte 1	
G	8		Parts of the Body	12:48	2	"5, 6"		https://www.youtube.com/watch?v=cIZ-GaP7Ah8			Partes del Cuerpo	
P	8	b	Bonus parts of the body practice	11:43				https://www.youtube.com/watch?v=gtmVnBeZuuo			Práctica extra con las partes del cuerpo	
R	8		Review Game for Lessons 7–8	6:59				https://www.youtube.com/watch?v=TOV5uGZCgRA			Juego de repaso para lecciones 7-8	
G	9		Good & Bad Things	11:37	2			https://www.youtube.com/watch?v=nw5KHb2eHxs			Cosas Buenas y Malas	
A	10		Alphabet part 2	20:30	3			https://www.youtube.com/watch?v=X7ly8n23SrY			Alfabeto parte 2	
R	10		Review Game for Lessons 9–10	6:43				https://www.youtube.com/watch?v=-6KyyZBppQw			Juego de repaso para lecciones 9-10	
G	11		Construct forms	18:27	2			https://www.youtube.com/watch?v=2FgnxKn1vmE			Formas del estado constructo	
P	11	b	Practice with construct forms	15:29				https://www.youtube.com/watch?v=AYwjSQSMgrk			Practice with construct forms	
G	12		Numbers 1–5	15:54	5			https://www.youtube.com/watch?v=fV3hE5BSlz8			Números de 1-5	
P	12	b	Bonus Practice with Numbers 1–5	14:38				https://www.youtube.com/watch?v=jiX6c6eKFbQ			Bonus Practice with Numbers 1–5	
R	12		Review Game for Lessons 11–12	6:21				https://www.youtube.com/watch?v=87SgG_b9zFE			Juego de repaso para lecciones 11-12	
A	13		Alphabet part 3	18:36	2			https://www.youtube.com/watch?v=RJP3Kg_mqRk			Alfabeto parte 3	
G	14		Nature and Existence Clauses	18:42	2			https://www.youtube.com/watch?v=uwnwsQA5LkI			Naturaleza y oraciones de existencia	
P	14	b	Practice with Nature and אַיִן & יֵשׁ 	12:09				https://www.youtube.com/watch?v=dqFFoGDS-58				
R	14		Review Game for Lessons 13–14	9:06				https://www.youtube.com/watch?v=wOI8_-nSKzg			Juego de repaso para lecciones 13-14	
G	15		Geography and More	12:39	5			https://www.youtube.com/watch?v=3k5QYkOWWyM			Geografía y más	
A	16		Alphabet part 4	18:41	3	"8, 9, 11"		https://www.youtube.com/watch?v=0K6UTCyp_9s			Alfabeto parte 4	
R	16		Review Game for Lessons 15–16	8:01				https://www.youtube.com/watch?v=rVFlrxuzSUM			Juego de repaso para lecciones 15-16	
G	17		Lamed and Possession	15:32	2		Genesis 29:16	https://www.youtube.com/watch?v=0zhhxgwONW4	Genesis 29:16		Lamed y Posesión	
G	18		Children and Elders	12:52	2			https://www.youtube.com/watch?v=ah8P6o4O39Y			Niños y Ancianos	
R	18		Review Game for Lessons 17–18	8:37				https://www.youtube.com/watch?v=6vdDeJm0j_0			Juego de repaso para lecciones 17-18	
A	19		Alphabet part 5	23:19	3			https://www.youtube.com/watch?v=ciuWQdxg5VY			Alfabeto parte 5	
W	19		Aleph-Bet Hebrew Alphabet Song	2:12				https://www.youtube.com/watch?v=eFkuW-tQsog			Canción del alfabeto hebreo Alef-Bet (Alefato)	
W	19		How to write the Hebrew Alphabet (Aleph-Bet)	5:33				https://www.youtube.com/watch?v=hQ7MC61w6Fw			Cómo escribir el alfabeto hebreo (alefato)	
G	20		Asher & Relative Clauses	13:39	3	"7, 10, 13, 16, 19"		https://www.youtube.com/watch?v=lb4Zd82hljY			"asher el pronombre relativo ""que"""	
R	20		Review Game for Lessons 19–20	11:21				https://www.youtube.com/watch?v=RlE-yyL2N9g			Juego de repaso para lecciones 19-20	
G	21		Verbs come & go (qatal singular)	18:19	3			https://www.youtube.com/watch?v=bqSKJhP_6L0			Verbos venir & ir (qatal singular)	
G	22		Say & Imperatives	15:26	2			https://www.youtube.com/watch?v=KZzOmJW4E4o			Decir & Imperativos	
R	22		Review Game for Lessons 21–22	9:19				https://www.youtube.com/watch?v=kQPfx1Lao-E			Juego de repaso para lecciones 21-22	
G	23		Possessive Suffixes 1 & Body Parts	16:31	3			https://www.youtube.com/watch?v=BIX5TpunPM0			Sufijos posesivos 1 & partes del cuerpo	
W	23		רֹאשׁ וּבֶטֶן וּבִרְכַּיִם - Rosh uVeten Song	1:06				https://www.youtube.com/watch?v=RfWu-ayUoso			רֹאשׁ וּבֶטֶן וּבִרְכַּיִם - Rosh uVeten Song	
G	24		Possessive Suffixes 2 & Family Terms	18:52	2			https://www.youtube.com/watch?v=WiConhM6izA			Sufijos posesivos 2 & términos de familia	
P	24	b	"Her Ear, My Eye"	16:52				https://www.youtube.com/watch?v=rBxezX9g5l4				
R	24		Review Game for Lessons 23–24	10:00				https://www.youtube.com/watch?v=R8RqlLEtbUM			Juego de repaso para lecciones 23-24	
G	25		Hear & Obey	17:51	2	"14, 15, 17"		https://www.youtube.com/watch?v=MpLzOnvUFu4			Escuchar & Obedecer	
G	26		Be & Beauty	20:15	4	"21, 22"	  	https://www.youtube.com/watch?v=WBzn1O03XAk			Ser & Belleza	
R	26		Review Game for Lessons 25–26	10:33				https://www.youtube.com/watch?v=PNGTiV2g1uo			Juego de repaso para lecciones 25-26	
G	27		"Give & Take, Silver & Gold"	23:32	3			https://www.youtube.com/watch?v=vDvFL5MFPeI			"Dar & Tomar, Plata & Oro"	
G	28		Marriage	20:14	2	"6, 23, 24"		https://www.youtube.com/watch?v=Hcpv5dVSuuI			Matrimonio	
R	28		Review Game for Lessons 27–28	14:08				https://www.youtube.com/watch?v=T4NSCjOi3_4			Juego de repaso para lecciones 27-28	
G	29		More Prepositions	20:50	2		Psalm 125:2	https://www.youtube.com/watch?v=kHage90XCUM	Psalm 125:2; Genesis 29:9b		Más preposiciones	
W	29		Hebrew Psalm 125:2 תְּהִלִּים song	1:37				https://www.youtube.com/watch?v=1jbZlmGbRgU	Psalm 125:2		Hebrew Psalm 125:2 תְּהִלִּים song	
G	30		Possessive Suffixes 3	21:45	2	"12, 18"	Psalm 106:48	https://www.youtube.com/watch?v=bLQ9UkKORQo	Ruth 1:16c; Psalm 106:48		Sufijos Posesivos 3	
P	30	b	What is This on Your Face and Hands?	11:08				https://www.youtube.com/watch?v=t8X8Hla7GtY				
R	30		Review Game for Lessons 29–30	14:35				https://www.youtube.com/watch?v=aoGcy_kRPA0			Juego de repaso para lecciones 29-30	
W	30		Hebrew Psalm 106:48 תְּהִלִּים song	2:09				https://www.youtube.com/watch?v=rZqTI2Ok7JE	Psalm 106:48		Hebrew Psalm 106:48 תְּהִלִּים song	
G	31		Numbers 6–10	18:52	3			https://www.youtube.com/watch?v=_0vdmjAAZxA	Exodus 2:16a; 1 Samuel 17:12a; 1 Samuel 17:14; Ruth 1:1b-2		Números de 6-10	
G	32		Prophets & More Verbs	24:15	3			https://www.youtube.com/watch?v=TcsBh3NKKAw	1 Kings 2:12; Exodus 4:30a; Genesis 48:8-9a		Profetas & Más Verbos	
R	32		Review Game for Lessons 31–32	16:14				https://www.youtube.com/watch?v=xdckt31XPu4			Juego de repaso para lecciones 31-32	
G	33		אֶת־ with definite direct objects 	6:01	1			https://www.youtube.com/watch?v=Svqi-DFsHzY			אֶת־ con objetos directos definidos	
G	34		"Truth, Lies & Imperative forms"	17:49	3		Deuteronomy 6:4	https://www.youtube.com/watch?v=JlynkmsOQ2o	Genesis 20:15; Exodus 20:1-2a; Deuteronomy 6:4; Jonah 1:1-2a		"Verdad, mentiras & formas imperativas"	
R	34		Review Game for Lessons 33–34	12:28				https://www.youtube.com/watch?v=684tYL07ktM			Juego de repaso para lecciones 33-34	
G	35		Fruit & Prepositions with Suffixes	22:48	3		Genesis 47:3	https://www.youtube.com/watch?v=PjWXJDQ6Crw	Genesis 1:29ac; Deuteronomy 28:4a; Genesis 47:1b; Genesis 47:2b-3		Fruta & preposiciones con sufijos	
P	35	b	More Biblical passages	5:30				https://www.youtube.com/watch?v=n3xiATtfs9k	1 Kings 22:23a; Numbers 26:33a; Genesis 44:15a		Más pasajes bíblicos	
G	36		"Flesh & Blood, Altars & Anointing"	20:52	3			https://www.youtube.com/watch?v=Qd1t9Qj489k			"Carne & Sangre, Altares & Unción"	
R	36		Review Game for Lessons 35–36	19:32				https://www.youtube.com/watch?v=te3DDf_aus4			Juego de repaso para lecciones 35-36	
G	37		Dead & Alive	19:17	2			https://www.youtube.com/watch?v=2RGwE6Jj8YA	Exodus 14:30b; 2 Samuel 17:27b; Genesis 21:11a; 1 Samuel 11:37b; 1 Chronicles 22:9-10a		Muerto & Vivo	
G	38		Israel asks for a king - יִשְׂרָאֵל שֹׁאֵל מֶלֶךְ	21:24	3			https://www.youtube.com/watch?v=VMVy_vsgedc		1 Samuel 8-10	Israel pide un rey - יִשְׂרָאֵל שֹׁאֵל מֶלֶךְ	
R	38		Review Game for Lessons 37–38	11:58				https://www.youtube.com/watch?v=Z9xpk6RWIDI			Juego de repaso para lecciones 37-38	
X	38		Israel asks for a king story - יִשְׂרָאֵל שֹׁאֵל מֶלֶךְ 	4:06				https://www.youtube.com/watch?v=indDOdcK4Aw		1 Samuel 8-10	Israel pide un rey - יִשְׂרָאֵל שֹׁאֵל מֶלֶךְ	
G	39		Strength & Wisdom: Comparisons	25:28	3			https://www.youtube.com/watch?v=zv4jrTWtgsM	Ecclesiastes 4:9a; 1 Samuel 17:45ac		Fuerza & Sabiduria: Comparaciones	
P	39	b	More Bible passages	9:39				https://www.youtube.com/watch?v=djxEE79CMNA	2 Chronicles 2:11ac; Psalm 147:5a; 1 Samuel 1:8ac; Genesis 3:20; Genesis 45:3a		Más pasajes bíblicos	
G	40		Noah & the Ark: Categories of Creatures	20:07	3		Genesis 7:15	https://www.youtube.com/watch?v=pDEJ6H2f7gc	Genesis 6:5a; Genesis 6:13a; Genesis 6:14a; Genesis 7:1a; Genesis 7:7a; Genesis 7:14a-15		Noé y el arca: categorías de criaturas	
R	40		Review Game for Lessons 39–40	14:56				https://www.youtube.com/watch?v=u2WoKxTa7fY			Juego de repaso para lecciones 39-40	
S	40		 הַיֶּלֶד הַקָּטֹן - The Small Boy Story	3:24				https://www.youtube.com/watch?v=oY0n91hfSwI			 הַיֶּלֶד הַקָּטֹן - The Small Boy Story	
G	41		Kaf & Similarities	19:19	2		2 Chronicles 14:1; 1 Kings 15:11	https://www.youtube.com/watch?v=n2DaZV_oJ-4	2 Kings 15:9a; 2 Chronicles 14:1; 1 Kings 15:11		Kaf & Similitudes	(English: 2 Chr. 14:2)
P	41	b	More Bible passages	8:45				https://www.youtube.com/watch?v=JY1iR55tnH0	1 Kings 5:26a; Deuteronomy 34:10a; 1 Kings 22:17a; 1 Kings 20:3b 1 Kings 20:4b		Más pasajes bíblicos 	
G	42		"Light & Darkness, Morning & Evening"	23:25	3		Genesis 1:3; Genesis 1:5	https://www.youtube.com/watch?v=cunMCjHWaZQ	Psalm 27:1a; Genesis 1:3; Genesis 1:5; Genesis 2:20a; Genesis 3:1a; Genesis 3:14a		"Luz & Oscuridad, Mañana & Tarde"	
R	42		Review Game for Lessons 41–42	13:54				https://www.youtube.com/watch?v=PaKFVtVa-OI			Juego de repaso para lecciones 41-42	
G	43		Creation	19:59	2			https://www.youtube.com/watch?v=M_zbomH8mu0		Genesis 1-2:3	Creación	
X	43		The Creation Story	4:49				https://www.youtube.com/watch?v=wjVzrsHOgUM		Genesis 1-2:3	The Creation Story	
G	44		Go out & lift up	25:38	2		Genesis 8:15-16	https://www.youtube.com/watch?v=ty4VhcbuOVc	Genesis 4:16a; Genesis 8:15-16; Genesis 8:18-19ac		Salir & Levantar	
P	44	b	More Bible passages	6:57				https://www.youtube.com/watch?v=VMLvcKvQJmY	Genesis 22:13a; Genesis 43:29a; Genesis 47:10; Psalm 95:3		Más pasajes bíblicos	
W	44		אֵל גָּדוֹל יהוה	2:32				https://www.youtube.com/watch?v=f9weejgDN3Q	"Psalm 119:65; Psalm 95:3, Psalm 119:72"			
R	44		Review Game for Lessons 43–44	16:55				https://www.youtube.com/watch?v=wOqOR0NBIkw			Juego de repaso para lecciones 43-44	
G	45		Verb Sequences: Vayyiqtol Forms 1	22:16	4		Jonah 2:11	https://www.youtube.com/watch?v=TacpkWTPyzk	1 Kings 12:29; Jonah 2:11-3:1; Jonah 3:3a		Secuencias verbales: formas vayyiqtol 1	(English: Jonah 2:10-3:1)
P	45	b	Genesis Passages	10:11				https://www.youtube.com/watch?v=Jwaf9Ojt-PA	Genesis 12:1a; Genesis 12:4a; Genesis 20:14a; Genesis 25:5; Genesis 29:29; Genesis 30:4; Genesis 31:7		Pasajes de Génesis	
X	45		"Avram, Beth, & the two jars - אַבְרָם וּבֵת וּשְׁנֵי הַכַּדִּים"	2:21				https://www.youtube.com/watch?v=t88kj5O1Gnc			"Avram, Beth, & the two jars - אַבְרָם וּבֵת וּשְׁנֵי הַכַּדִּים"	
G	46		"Send, Messenger & Object Pronouns"	21:21	3		Genesis 22:11	https://www.youtube.com/watch?v=eGZ8prnZBxU	Genesis 32:4a; Genesis 22:10a; Genesis 22:11; Genesis 22:13a		"Enviar, mensajero & pronombres del objeto"	
R	46		Review Game for Lessons 45–46	13:58				https://www.youtube.com/watch?v=syHzbDX3xdU			Juego de repaso para lecciones 45-46	
G	47		Food & Drink	24:24	3			https://www.youtube.com/watch?v=Jl6_aWTdzvo			Comida & Bebida	No verses.
G	48		40 Days & 40 Nights	18:53	3			https://www.youtube.com/watch?v=5KNLFVP7yzA	Exodus 34:28a; Proverbs 24:13a; Genesis 3:6ac		40 días y 40 noches	
R	48		Review Game for Lessons 47–48	14:42				https://www.youtube.com/watch?v=2ldfBVkszEU			Juego de repaso para lecciones 47-48	
G	49		Return & Fear	22:41	2	"21, 32"	1 Kings 10:6	https://www.youtube.com/watch?v=Usjusbi3Di4	1 Kings 10:6; Genesis 32:4b; Genesis 32:7ac-8a	1 Kings 10:1-13	Volver & Temer	"(English: Genesis 32:3a, 32:6a/c, 32:7a)"
S	49		הַטַּבָּח אֲשֶׁר אֵין לוֹ מֶלַח - The Cook Who Had No Salt	3:25				https://www.youtube.com/watch?v=Q5Sxt2L0A3w			הַטַּבָּח אֲשֶׁר אֵין לוֹ מֶלַח - The Cook Who Had No Salt	
G	50		Places: Here & There	25:34	2		Genesis 35:15; Ruth 4:2	https://www.youtube.com/watch?v=Akj0ue73QJM	Genesis 22:1b-2a; Genesis 22:3b-4a; Genesis 35:15; Joshua 2:1ab; Ruth 4:2	"Exodus 2–4, Genesis 22"	Lugares: Aquí & Allí	
S	50		כַּאֲשֶׁר עָשָׂה עֶגְלוֹן - Just like Eglon did	2:36				https://www.youtube.com/watch?v=EdT_zSlnylo			כַּאֲשֶׁר עָשָׂה עֶגְלוֹן - Just like Eglon did	
X	50		Moses in the land of Midian - מֹשֶׁה בְאֶרֶץ מִדְיָן	2:15				https://www.youtube.com/watch?v=4deMzVZzN4E		Exodus 2-4	Moses in the land of Midian - מֹשֶׁה בְאֶרֶץ מִדְיָן	
R	50		Review Game for Lessons 49–50	15:29				https://www.youtube.com/watch?v=oZu2Q9pRnb0			Juego de repaso para lecciones 49-50	
G	51		שְׁנֵי עָשָׂר הַתָּרִים - The Twelve Spies	21:32	3			https://www.youtube.com/watch?v=JNg0EKgfMI0		Numbers 13-14	Los Doce Espias - שְׁנֵי עָשָׂר הַתָּרִים	
X	51		שְׁנֵי עָשָׂר הַתָּרִים - The Twelve Spies	3:52				https://www.youtube.com/watch?v=cm4uRuW9fl4		Numbers 13-14	Los Doce Espias - שְׁנֵי עָשָׂר הַתָּרִים	
G	52		Vayyiqtol forms 2: first person	16:38	3		Genesis 12:19	https://www.youtube.com/watch?v=cmeGeI9VnpQ	Deuteronomy 9:9b; Genesis 12:18a-19; Psalm 22:7a		Formas del vayyiqtol 2: primera persona	(English: Psalm 22:6a)
R	52		Review Game for Lessons 51–52	12:59				https://www.youtube.com/watch?v=anMAZ9icgSc			Juego de repaso para lecciones 51-52	
G	53		Going up & down	22:31	3		Exodus 19:20; Jonah 1:1-2	https://www.youtube.com/watch?v=RniMJUn4ceY	Exodus 19:20; Genesis 35:1a; Jonah 1:1-2		Subir & bajar	
P	53	b	King Josiah reads the Book of the Covenant	5:37				https://www.youtube.com/watch?v=INj0QxZ8Op4	2 Kings 22:2a; 2 Kings 23:2a		El Rey Josías lee el Libro del Pacto	
G	54		David’s Dilemma	19:52	0			https://www.youtube.com/watch?v=wLFPqRb-iL4	2 Kings 14:29a	David & Uriah	El Dilema de David	
R	54		Review Game for Lessons 53–54	15:32				https://www.youtube.com/watch?v=uhaXqnsVCs0			Juego de repaso para lecciones 53-54	
G	55		Cross over to the other side	22:45	0			https://www.youtube.com/watch?v=5lmMp_0G3_A	Joshua 4:22b; Joshua 11:b; 2 Samuel 17:22a		Cross over to the other side	
X	55		Yosef & his wife & their house - יוֹסֵף וְאִשְׁתּוֹ וּבֵיתָם	2:54				https://www.youtube.com/watch?v=wcaoSZwiSkc			Yosef & his wife & their house - יוֹסֵף וְאִשְׁתּוֹ וּבֵיתָם	
G	56		כְּלֵי מִלְחָמָה - Weapons & Warfare	25:12	0		1 Kings 7:48	https://www.youtube.com/watch?v=eU4oWipESdY	Exodus 15:3; Psalm 84:12a; 1 Samuel 17:45a; 1 Samuel 17:47b; 1 Kings 7:48; Judges 3:9b-10a		Armas & Guerra	
R	56		Review Game for Lessons 55–56	15:36				https://www.youtube.com/watch?v=zkyTPtcHS1k			Juego de repaso para lecciones 55-56	
G	57		Strike & Fall - הִכָּה נָפַל	20:59	0			https://www.youtube.com/watch?v=4_c1iX0TlRw		Ark and Dagon	Golpear & Caer	
P	57	b	Bad News for Job & David’s Conquests	11:52				https://www.youtube.com/watch?v=QRy01CcRi1E	1 Chronicles 18:1ac-2a; Joshua 21:45		Malas noticias para Job y las conquistas de David 	
G	58		Directional words	21:37	0		Genesis 32:4	https://www.youtube.com/watch?v=RyvoFYPrkHU	Genesis 32:4; Exodus 4:19a-20		Palabras direccionales	
P	58	b	Joseph’s Brothers in Trouble	6:22				https://www.youtube.com/watch?v=HlZ272uoVjs	Genesis 44:13b; Genesis 44:14b-15		Los hermanos de José en dificultades	
R	58		Review Game for Lessons 57–58	15:04				https://www.youtube.com/watch?v=rCPWBJbFX3o			Juego de repaso para lecciones 57-58	
G	59		Run to meet & Bow down - רָץ הִשְׁתַּחֲוָה	21:11	0			https://www.youtube.com/watch?v=s0dQ-LOoHPI	Exodus 4:27a; Genesis 18:2ac; 1 Kings 2:19ac		Correr para encontrar & postrarse	
G	60		A Tense Reunion	18:44	0			https://www.youtube.com/watch?v=xqJt2avGnt4		Jacob meets Esau	Una Reunión Tensa	
R	60		Review Game for Lessons 59–60	14:46				https://www.youtube.com/watch?v=k4yblGrrVzc			Juego de repaso para lecciones 59-60	
X	60		עֵשָׂו בָּא לִקְרַאת יַעֲקֹב - Esau Comes to Meet Jacob	4:29				https://www.youtube.com/watch?v=HYYlo5gkQRY		Genesis 32–33	עֵשָׂו בָּא לִקְרַאת יַעֲקֹב - Esau Comes to Meet Jacob	
G	61		Flee & Chase	21:26	0		Exodus 14:23	https://www.youtube.com/watch?v=roGr-wu0pa8	Exodus 14:22a; Exodus 14:23; Exodus 14:30b-31a		Flee & Chase	
P	61	b	Philistine Attack	5:48				https://www.youtube.com/watch?v=XRN7X_DRZZs	1 Samuel 31:7ac		Ataque Filisteo	
G	62		David & Goliath	21:12	0			https://www.youtube.com/watch?v=KO5cS3U2dfU		1 Samuel 17	David & Goliat	
R	62		Review Game for Lessons 61–62	13:57				https://www.youtube.com/watch?v=PwPcuTc6EoM			Juego de repaso para lecciones 61-62	
X	62		דָּוִד וְגָלְיָת - David & Goliath	4:06				https://www.youtube.com/watch?v=IBf4PWps9qk		1 Samuel 17	דָּוִד וְגָלְיָת - David & Goliath	
G	63		Vayyiqtol forms 3: second person	20:59	0		Deuteronomy 29:1	https://www.youtube.com/watch?v=5tGFaBrn2Tc	Psalm 119:55a; Judges 8:34a; Deuteronomy 29:1; Deuteronomy 29:6-7a		Vayyiqtol forms 3: second person	
P	63	b	Sihon & Og	6:30				https://www.youtube.com/watch?v=1Vd5ge8zJ0c	Deuteronomy 29:1; Deuteronomy 29:6-7a		Sehón & Og	"(English: Deuteronomy 29:2,7, and 8a)"
G	64		Chariots & Horsemen	22:14	0		Exodus 14:23	https://www.youtube.com/watch?v=wV6uC5_wzWY	Exodus 14:22a; Exodus 14:23; 2 Samuel 15:1b		Carruajes & Jinetes	
R	64		Review Game for Lessons 63–64	17:17				https://www.youtube.com/watch?v=m2qpfeJVFjw			Juego de repaso para lecciones 63-64	
G	65		Thus says יהוה - a brief history of Israel	11:49	0			https://www.youtube.com/watch?v=53iuuW396a8	Joshua 24:2a; Joshua 24:3ac; Joshua 24:4ac-5a; Joshua 24:6bc; Joshua 24:7b; Joshua 24:11ac; Joshua 24:13a		Así dice יהוה - una breve historia de Israel	
G	66		Captains & Enemies	17:35	0	36	2 Samuel 11:6	https://www.youtube.com/watch?v=pKs4f_YS62A	2 Samuel 11:6; Judges 16:23b; Joshua 5:13b-14a		Capitanes & Enemigos	
R	66		Review Game for Lessons 65–66	12:24				https://www.youtube.com/watch?v=XjZRceamL14			Juego de repaso para lecciones 65-66	
G	67		Between Eglon & Zedekiah	19:51	0			https://www.youtube.com/watch?v=e-9-ULphDAA	1 Kings 5:26a		Entre Eglon y Zedequias	
P	67	b	Peace & War in the Land	5:44				https://www.youtube.com/watch?v=eUfIQvMOgPg	1 Samuel 7:14b; 1 Kings 14:30		Paz y Guerra en la Tierra	
G	68		Killing in the Camp	20:58	0			https://www.youtube.com/watch?v=wbIstDUOH7g	Genesis 32:3b; 2 Samuel 10:18ac		Matar en el campamento	
R	68		Review Game for Lessons 67–68	14:21				https://www.youtube.com/watch?v=cAnzQdFTMco			Juego de repaso para lecciones 67-68	
S	68		גִּדְעוֹן וּמַחֲנֵה מִדְיָן - Gideon and the Camp of Midian	3:09				https://www.youtube.com/watch?v=K3GkhxSxxnk		Judges 7	גִּדְעוֹן וּמַחֲנֵה מִדְיָן - Gideon and the Camp of Midian	
X	68		 הַיֶּלֶד אֲשֶׁר בַּתֵּבָה - The Boy in the Ark	1:44				https://www.youtube.com/watch?v=u9fno8Jr1yg		Exodus 2	 הַיֶּלֶד אֲשֶׁר בַּתֵּבָה - The Boy in the Ark	
G	69		הָאִשָּׁה אֲשֶׁר הָרְגָה אֶת־סִיסְרָא - The woman who killed Sisera	21:29	0			https://www.youtube.com/watch?v=g6NSMN50LUg		Judges 4	הָאִשָּׁה אֲשֶׁר הָרְגָה אֶת־סִיסְרָא - La mujer que mató a Sísara	
X	69		הָאִשָּׁה אֲשֶׁר הָרְגָה אֶת־סִיסְרָא - The woman who killed Sisera	4:35				https://www.youtube.com/watch?v=9LTSFwz2aaQ		Judges 4	הָאִשָּׁה אֲשֶׁר הָרְגָה אֶת־סִיסְרָא - La mujer que mató a Sísara	
G	70		Covenant & Seed	19:45	0		Genesis 15:18	https://www.youtube.com/watch?v=hgdpi2G9QhQ	1 Samuel 20:42b; 1 Samuel 18:3a; Genesis 15:18; 2 Samuel 5:3; 1 Kings 5:26;		Pacto y Semilla - Hebreo Bíblico Gratuito	
P	70	b	Intro to pausal forms & disjunctive accents	10:50				https://www.youtube.com/watch?v=GGTGcnvluo8	Genesis 21: 27; Genesis 21:32; 1 Kings 15:19a		Introducción a las formas de pausa y acentos disyuntivos	
R	70		Review Game for Lessons 69–70	15:40				https://www.youtube.com/watch?v=Tzc_oY00NAc			Juego de repaso para las lecciones 69-70	
G	71		Vayyiqtol forms 4: feminine plural	20:22	0		Genesis 29:11	https://www.youtube.com/watch?v=bq7d0kzJj-4	Genesis 29:11; 1 Samuel 24:17b; 1 Samuel 11:4ac; Genesis 21:16b; Esther 8:3b; Genesis 50:1		Formas Vayyiqtol 4: femenino plural - Hebreo Bíblico	
P	71	b	Verb Forms Summary: Qatal  & Vayyiqtol	13:36				https://www.youtube.com/watch?v=fRohSObcqZI			Resumen de formas verbales: Qatal y Vayyiqtol	
S	71		מִי הָרַג אֶת־הָאִישׁ הַהוּא - Who killed that man?	2:45				https://www.youtube.com/watch?v=T5HICKdOKuY			מִי הָרַג אֶת־הָאִישׁ הַהוּא - ?Who killed that man	
S	71		אַיֵּה הַכֶּסֶף - Where is the Silver?	2:53				https://www.youtube.com/watch?v=zcDWyOoYs-4			אַיֵּה הַכֶּסֶף - Where is the Silver?	
G	72		נָעֳמִי וְרוּת - Ruth & Naomi	22:02	0			https://www.youtube.com/watch?v=q2r-r_Wglw0		Ruth 1	Noemí y Rut - נָעֳמִי וְרוּת	
X	72		נָעֳמִי וְרוּת - Ruth & Naomi	3:56				https://www.youtube.com/watch?v=dkHjpIaH0vM		Ruth 1	Noemí y Rut - נָעֳמִי וְרוּת	
R	72		Review Game for Lessons 71–72	16:30				https://www.youtube.com/watch?v=5AT0EdzBk9U			Juego de repaso para las lecciones 71-72	
G	73		More Parts of the Body	22:36	0		Judges 3:5	https://www.youtube.com/watch?v=5eT-nzoxk7E	2 Chronicles 32:8a; Genesis 2:20a; Genesis 2:23a; Judges 3:5		Más partes del cuerpo	
P	73	b	More Bible Passages	5:48				https://www.youtube.com/watch?v=1xQGhlYs9ig	Joshua 2:1ac; Joshua 6:25a; 1 Samuel 16:13a; 2 Samuel 21:12a		Más pasajes de la Biblia	
G	74		"Lev: mind, will, emotions"	18:03	0		Haggai 1:7	https://www.youtube.com/watch?v=BOmqJepqWxs	Song of Solomon 4:11b; Haggai 1:7; Psalm 53:2a1 Samuel 24:5b-24:6; 1 Samuel 24:17b; Jeremiah 3:10b		"Lev: mente, voluntad, emociones"	
R	74		Review Game for Lessons 73–74	14:06				https://www.youtube.com/watch?v=10BWd_azIFo			Juego de repaso para las lecciones 73-74	
G	75		Participles 1: singular	20:23	0			https://www.youtube.com/watch?v=OpN4_k1QRNw			Participios 1: singular	No verses.
G	76		Participles 2: in context	20:39	0			https://www.youtube.com/watch?v=d84Et1wGxuI	Genesis 18:2ac; Genesis 18:7a; Genesis 18:8a; Joshua 5:13b-14a; 1 Samuel 314b-5; Jeremiah 22:2b		Participios 2: en contexto	
R	76		Review Game for Lessons 75–76	13:45				https://www.youtube.com/watch?v=b7iOL6ijAgs			Juego de repaso para lecciones 75-76	
G	77		Participles 3: plural	22:19	0		Ecclesiastes 10:7	https://www.youtube.com/watch?v=eSRn7bdDErY	1 Samuel 17:3; Ecclesiastes 10:7; Isaiah 9:1a; 2 Samuel 15:24a; 2 Kings 23:2a		Participios 3: plural	(English: Isaiah 9:2a)
G	78		"Stand, Pillars & Gifts"	21:56	0		Numbers 12:5	https://www.youtube.com/watch?v=0iFVMisL-1A	Job 1:18b; Job 1:19c; 2 Kings 5:9; 1 Samuel 16:21ac; Exodus 13:21ac; Numbers 12:5; 1 Kings 8:8a		"Parar, pilares y regalos"	
R	78		Review Game for Lessons 77–78	14:25				https://www.youtube.com/watch?v=bFXEVG60yHY			Juego de repaso lecciones 77-78	
S	78		הַבְּרִית וְהַשֶּׁקֶר - The Covenant & the Lie	4:43				https://www.youtube.com/watch?v=9NiqS_SCKMU			הַבְּרִית וְהַשֶּׁקֶר - The Covenant & the Lie	
S	78		יִשְׂרָאֵל עֹבֵר אֶת־הַיַּרְדֵּן - Israel Crosses the Jordan	2:28				https://www.youtube.com/watch?v=5qKUYdFvCA4		Joshua 3	יִשְׂרָאֵל עֹבֵר אֶת־הַיַּרְדֵּן - Israel Crosses the Jordan	
G	79		Participles 4: 3-ה verbs & 2-ו verbs	20:16	0			https://www.youtube.com/watch?v=8zXxJQkiVeE			Participios 4: verbos 3-ה y verbos 2-ו	No verses.
W	79		Psalm תְּהִלָּה 118:26 - Barukh haba	2:21				https://www.youtube.com/watch?v=gzSkXGbRPlI	Ps. 118:26a		Psalm תְּהִלָּה 118:26 - Barukh haba	
G	80		אַבְרָם וְהַלֶּחֶם - Avram & the Bread	10:49	0			https://www.youtube.com/watch?v=XNQVeI5zt30			אַבְרָם וְהַלֶּחֶם - Avram & el Pan	No verses.
X	80		אַבְרָם וְהַלֶּחֶם - Avram & the Bread	4:52				https://www.youtube.com/watch?v=MidXOBL8EcU			אַבְרָם וְהַלֶּחֶם - Avram & the Bread	
R	80		Review Game for Lessons 79–80	16:04				https://www.youtube.com/watch?v=wwvTPI8DjvA			Juego de repaso para lecciones 79-80	
G	81		Saul & David in the cave	22:03	0		Exodus 1:1-4	https://www.youtube.com/watch?v=HH7FeUqTXhw	Exodus 1:1-4; Exodus 1:5b; Genesis 18:11a; Genesis 24:1a; Joshua 13:1a; Joshua 23:2; 2 Samuel 15:1; 1 Kings 1:1a; 1 Kings 1:5b; Genesis 31:3; Genesis 31:17; Genesis 31:26a; Genesis 31:43b; Jeremiah 1:11; Jeremiah 24:3a; Ezekiel 8:12a; Zechariah 4:1a; Zechariah 4:2a; 1 Samuel 24:5b-6; 1 Samuel 24:9a; 1 Samuel 24:12a; 1 Samuel 24:15; 1 Samuel 24:17b	1 Samuel 24	Saúl & David en la cueva	
G	82		Units of time and age	21:23	0		Joshua 23:2	https://www.youtube.com/watch?v=NXLtpYJB4Dw	1 Samuel 6:1; Joshua 24:29; Genesis 7:6; Genesis 9:29; Genesis 5:11		Unidades de tiempo y edad	
P	82	b	Terah leaves Ur of the Chaldeans - תֶּרַח יֹצֵא מֵאוּר כַּשְׂדִּים	5:40				https://www.youtube.com/watch?v=_gQVB9r6NWk	Genesis 11:31ac-32		Taré sale de Ur de los caldeos - תֶּרַח יֹצֵא מֵאוּר כַּשְׂדִּים	
R	82		Review Game for Lessons 81–82	10:06				https://www.youtube.com/watch?v=brbukYboW6U			Juego de repaso para lecciones 81-82	
G	83		Numbers 11-99	20:39	0		2 Samuel 2:11	https://www.youtube.com/watch?v=Fm6XcND5A54	Genesis 35:22b-26a; 1 Chronicles 25:5b; 2 Samuel 9:10b; 2 Samuel 2:11		Números 11-99	
P	83	b	The Gift for Esau - הַמִּנְחָה לְעֵשָׂו	5:50				https://www.youtube.com/watch?v=3XOZcxzNAfE	Genesis 32:4; Genesis 32:7; Genesis 32:8a; Genesis 32:14b-17a	Genesis 32	Hebrew - The Gift for Esau - הַמִּנְחָה לְעֵשָׂו	
G	84		The Firstborn	16:48	0			https://www.youtube.com/watch?v=ga_JnuN6OXU	Exodus 11:4-6a; Exodus 12:29-31a; Exodus 12:1-2	Exodus 11-12	Los Primogénitos	
X	84		Every Firstborn of Egypt - כָּל־בְּכוֹר מִצְרַיִם 	3:30				https://www.youtube.com/watch?v=UP18q9WRcPE		Exodus 11-12	Every Firstborn of Egypt - כָּל־בְּכוֹר מִצְרַיִם	
R	84		Review Game for Lessons 83–84	17:49				https://www.youtube.com/watch?v=sKMYtRW6Ing			Juego de repaso para lecciones 83-84	
G	85		Life & Death	24:25	0		Deuteronomy 30:15	https://www.youtube.com/watch?v=_0sn-tQhbIg	Genesis 7:15; Deuteronomy 30:15; Jeremiah 21:8b; Genesis 25:11a; Genesis 9:29; Genesis 47:8; Genesis 47:9b-10; Genesis 47:28; Genesis 25:7; Genesis 25:17a; Joshua 1:1ace-2; Proverbs 18:21a		Vida & Muerte	
P	85	b	A way that seems right - Proverbs 16:25	4:53				https://www.youtube.com/watch?v=NRakE3i_Xp8	Proverbs 16:25		A way that seems right - Proverbs 16:25	
G	86		Conceive & Give Birth	17:53	0		Numbers 26:59	https://www.youtube.com/watch?v=zQOHpmbp31s	Numbers 26:59	"Genesis 29, 30, 35"	Concebir y dar a luz	
X	86		נְשֵׁי יַעֲקֹב - Jacob's wives bear him children	5:43				https://www.youtube.com/watch?v=_ltRsUR_vys		"Genesis 29, 30, 35"	נְשֵׁי יַעֲקֹב - Jacob's wives bear him children	
R	86		Review Game for Lessons 85-86	13:41				https://www.youtube.com/watch?v=p5UQJvsrVRs			Juego de repaso para lecciones 85-86	
G	87		יָדַע וְדַעַת - Know & Knowledge	18:47	0		Genesis 5:8	https://www.youtube.com/watch?v=4m7TazqqgSs	Genesis 5:8; Proverbs 1:7a; Psalm 111:10a		Saber/Conocer y Conocimiento - יָדַע וְדַעַת	
P	87	b	Vocab Review: Verb or Noun?	11:29				https://www.youtube.com/watch?v=SAllJMIQ34w			Repaso de Vocabulario: ¿Verbo o Sustantivo?	No Verses
S	87		שְׁנֵי אֲנָשִׁים לִירִיחוֹ - Two Spies to Jericho	4:08				https://www.youtube.com/watch?v=9OHPY9KQlSg		Joshua 2	 Two Spies to Jericho - שְׁנֵי אֲנָשִׁים לִירִיחוֹ	
G	88		Participles 5: 3-gutturals and Pi'el verbs	19:41	0		Proverbs 20:12	https://www.youtube.com/watch?v=MnoGIoVwTic	Psalm 121:5a; Proverbs 20:12; Ezekiel 37:21a; Jeremiah 26:7; Deuteronomy 4:7; Joshua 5:13bd-14		Participles 5: 3-gutturals and Pi'el verbs	
R	88		Review Game for Lessons 87-88	13:49				https://www.youtube.com/watch?v=jqCyNwfO87k			Juego de repaso de las lecciones 87-88	
G	89		"Participles 6: Negatives and ""Still"""	19:08	0		Jeremiah 44:16	https://www.youtube.com/watch?v=GCYZqo7d-Oc	Jeremiah 44:16; Deuteronomy 4:22a; 1 Kings 1:22		"Participles 6: Negatives and ""Still"""	
P	89	b	יַעֲקֹב נָס מִפְּנֵי עֵשָׂו - Jacob Flees from Esau	5:21				https://www.youtube.com/watch?v=CxEDoPidyW0		Genesis 27-30	יַעֲקֹב נָס מִפְּנֵי עֵשָׂו - Jacob huye de Esaú	
G	90		Tell me!	16:52	0			https://www.youtube.com/watch?v=annY2OoWsHs			¡Cuéntame!	No Verses
X	90		עוֹדֶנָּה בֹכָה - She's still crying	4:36				https://www.youtube.com/watch?v=e3fZ3Ym5dJo			עוֹדֶנָּה בֹכָה - She's still crying	
R	90		Review Game for Lessons 89-90	15:44				https://www.youtube.com/watch?v=JBHOjpSC2GI			Juego de repaso de las lecciones 89-90	
G	91		1 Samuel 3 story	18:55	0			https://www.youtube.com/watch?v=P2A1a4Yt1Zw		1 Samuel 3	Historia de 1 Samuel 3	
P	91	b	Samson sees a Philistine woman	6:14				https://www.youtube.com/watch?v=gzFofeAJ1YQ	"Judges 3:24, 14:1-2, 3b"	Judges 14	Sansón ve a una mujer filistea	
X	91		שְׁמוּאֵל שָׁמַע אֶת־קוֹל יהוה - Samuel heard YHWH's voice	4:25				https://www.youtube.com/watch?v=twwaABoRwdo		1 Samuel 3	Samuel heard YHWH's voice -  שְׁמוּאֵל שָׁמַע אֶת־קוֹל יהוה	
G	92		Clothing & Nakedness	18:49	0			https://www.youtube.com/watch?v=u9RxVs3CZT0		Genesis 3	Ropa y Desnudez	
X	92		The man and his wife in Eden - הָאָדָם וְאִשְׁתּוֹ בְּגַן־עֵדֶן	3:20				https://www.youtube.com/watch?v=4Gt_jL41vzQ		Genesis 2-3	The man and his wife in Eden - הָאָדָם וְאִשְׁתּוֹ בְּגַן־עֵדֶן	
R	92		Review Game for Lessons 91-92	15:32				https://www.youtube.com/watch?v=NSStsdGefNU			Juego de repaso de las lecciones 91-92	
G	93		"3 Verbs: Sacrifice, Reign, Serve/Work"	17:44	0			https://www.youtube.com/watch?v=KPLOiTazqcI	"Genesis 4:1a, 2b"		"3 Verbos: Sacrificar, Reinar, Servir/Trabajar"	
G	94		Jacob works in exchange for Rachel and other passages	16:28	0		1 Kings 11:42	https://www.youtube.com/watch?v=uee4sUYTD10	"Joshua 23:1b-2a, 2c-3a; Joshua 24:31a; Judges 2:7ac, 11; 2 Chronicles 29:1-2; 2 Samuel 5:3, 4b-5; 1 Kings 11:42; 1 Kings 14:20, 15:25"	Genesis 29	Jacob trabaja a cambio de Raquel y otros pasajes	
X	94		יַעֲקֹב עָבַד בְּרָחֵל - Jacob works in exchange for Rachel	2:09				https://www.youtube.com/watch?v=SBp7ABT3zfk		Genesis 29	יַעֲקֹב עָבַד בְּרָחֵל - Jacob works in exchange for Rachel	
R	94		Review Game for Lessons 93-94	12:53				https://www.youtube.com/watch?v=ptCc4lQcBN4			Juego de repaso de las lecciones 93-94	
G	95		Yiqtol 1: Talking about the future	20:03	0		Joshua 24:29	https://www.youtube.com/watch?v=ptCc4lQcBN4	"Exodus 11:9a; Joshua 24:24-25a, 29"		Yiqtol 1: Talking about the future	
G	96		Yiqtol 2: In context	21:18	0		Psalm 146:10	https://www.youtube.com/watch?v=tO4e5lhqurA	"Psalm 146:10; Exodus 20:1-2a, 9a, 10a; Genesis 35:12; Isaiah 6:1a, 8"		Yiktol 2: In context	
R	96		Review Game for Lessons 95-96	10:43				https://www.youtube.com/watch?v=LHKCFRsjUEA			Juego de repaso de las lecciones 95-96	
G	97		Yiqtol 3: Weak Verbs	23:02	0			https://www.youtube.com/watch?v=h-lZNXsXsrUkk			Yiqtol 3: Weak Verbs	No Verses
G	98		Ask & Answer	19:23	0		Judges 1:2	https://www.youtube.com/watch?v=gIh1XMZmGxo	"Judges 1:1a, 2, 4a"	1 Samuel 8; 1 Kings 3-4	Ask & Answer	
P	98	b	A New Name for Jacob	3:48				https://www.youtube.com/watch?v=7vvc8A1XjWs	"Genesis 32:28, 30-31a"		A New Name for Jacob	
S	98		נָס יַעֲקֹב מִפְּנֵי לָבָן - Jacob flees from Laban	4:33				https://www.youtube.com/watch?v=GdU7LIWKQb0		Genesis 31	 Jacob flees from Laban - נָס יַעֲקֹב מִפְּנֵי לָבָן	
X	98		Solomon Asks for Wisdom - שְׁלֹמֹה שָׁאַל חָכְמָה	3:45				https://www.youtube.com/watch?v=VRXyhEAcU_0		1 Kings 3-4	שְׁלֹמֹה שָׁאַל חָכְמָה - Solomon Asks for Wisdom	
X	98		The Israelites Ask for a King (version 2)	2:43				https://www.youtube.com/watch?v=EwhCDxmpIeg		1 Samuel 8	The Israelites Ask for a King (version 2)	
R	98		Review Game for Lessons 97-98	13:05				https://www.youtube.com/watch?v=hCV_eeBmtJ8			Juego de repaso de las lecciones 97-98	
G	99		Swearing Oaths & Imperative Variations	22:46	0		1 Samuel 20:11	https://www.youtube.com/watch?v=9zOja4vuKHo	"Genesis 13:14b-15; 1 Samuel 20:11, 16a, 42; Genesis 47:28, 29bd, 30b- 31a"	Genesis 24; Genesis 27; Judges 7	Swearing Oaths & Imperative Variations	
P	99	b	War Between Judah and Israel	8:51				https://www.youtube.com/watch?v=1unfgYNfnlg	"Deuteronomy 1:1a, 3a, 8ac; 2 Samuel 2:1, 3b-4a, 8ab, 28a, 31"	2 Samuel 2	War Between Judah and Israel	
G	100		Who Will Reign After David? - 1 Kings 1	21:31	0		1 Kings 1:22-24	https://www.youtube.com/watch?v=8fWEafoqgUE	"1 Kings 1:1:1a, 5b, 8-9ac, 10-11, 13ac, 14a, 15a, 16b-18, 19ac, 22-24, 25ac, 26, 28-29a, 30, 31b-32, 36a, 37a, 38a, 39, 42a"	1 Kings 1	Who Will Reign After David? - 1 Kings 1	
X	100		Who Will Reign After David? - מִי יִמְלֹךְ אַחֲרֵי דָוִד	10:10				https://www.youtube.com/watch?v=76oj5zS6iFA	"1 Kings 1:1:1a, 5b, 8-9ac, 10-11, 13ac, 14a, 15a, 16b-18, 19ac, 22-24, 25ac, 26, 28-29a, 30, 31b-32, 36a, 37a, 38a, 39, 42a"	1 Kings 1	Who Will Reign After David? -  מִי יִמְלֹךְ אַחֲרֵי דָוִד	
R	100		Review Game for Lessons 99-100	11:20				https://www.youtube.com/watch?v=sHDCRSJlhbs			Juego de repaso de las lecciones 99-100	
G	101		One of the Flock	20:12	0			https://www.youtube.com/watch?v=pyA4Lo0FH-0			One of the Flock	
G	102		Command	18:08	0			https://www.youtube.com/watch?v=fJ82gRW5IfA			Command	
R	102		Review Game Lessons 101-102	10:38				https://www.youtube.com/watch?v=U5cSxo2537E			Juego de repaso de las lecciones 101-102	
G	103		Noah the Righteous Man	23:16	0			https://www.youtube.com/watch?v=-rG7lpGEoyM			Noah the Righteous Man	
X	103		Noah the Righteous & the Floodwaters נֹחַ הַצַּדִּיק וּמֵי הַמַּבּוּל	6:28				https://www.youtube.com/watch?v=CoR1Xg6CkoE				
G	104		Tribes & Clans	19:00	0			https://www.youtube.com/watch?v=h5pBfYWJJ50			Tribes & Clans	
P	104	b	Twelve Stones for Twelve Tribes	4:18				https://www.youtube.com/watch?v=dhodIwhF8Uw				
X	104	b	12 Stones for 12 Tribes	3:17				https://www.youtube.com/watch?v=Kml_xGR7uhg				
R	104		Review Game Lessons 103-104	12:18				https://www.youtube.com/watch?v=mfdouU9rNJo			Juego de repaso de las lecciones 103-104	
G	105		Inheritance & Tribal Allotments	19:09	0			https://www.youtube.com/watch?v=bmIvOonGM4w				
W	105		Hebrew Worship - תְּהִלִּים 136 - Psalm 136	5:42				https://www.youtube.com/watch?v=C8ZIJ2fmnMw	Psalm 136			
X	105		The Inheritance of the Tribes of Israel - נַחֲלַת שִׁבְטֵי יִשְׂרָאֵל	7:02				https://www.youtube.com/watch?v=-Ax-4cz5mto				
G	106		Full & Fill	20:20	0			https://www.youtube.com/watch?v=wf6Q2fWMiIA				
P	106	b	Ecclesiastes 11:5	6:16				https://www.youtube.com/watch?v=XByk4zMuXeg				
R	106		Review Game for Lessons 105-106	10:31				https://www.youtube.com/watch?v=fcmp-OUU2Es			Juego de repaso de las lecciones 105-106	
G	107		Fill (Pi'el Verb) & Intro to Binyanim	21:27	0			https://www.youtube.com/watch?v=PeJSo4j0wOo				
S	107		Samuel Anointed David - שְׁמוּאֵל מָשַׁח אֶת־דָּוִד 	2:07				https://www.youtube.com/watch?v=SzsPMBAuv0s				
G	108		Making the Tabernacle - הַמִּשְׁכָּן	19:45	0			https://www.youtube.com/watch?v=86SK2LYi-rI				
X	108		Bezalel made the Tabernacle - בְּצַלְאֵל עָשָׂה אֶת־הַמִּשְׁכָּן	7:16				https://www.youtube.com/watch?v=2jiAInaGrLA				
R	108		Review Game for Lessons 107-108	13:00				https://www.youtube.com/watch?v=YC2nm8DENXw			Juego de repaso de las lecciones 107-108	
G	109		Holy Things & His Holy Mountain	20:58	0			https://www.youtube.com/watch?v=OZ-DaRBByL4				
G	110		"Holy the Adjective, Meteg, Silluq & Hatef Qamets"	17:57	0			https://www.youtube.com/watch?v=P2Il3-_5VKM				
R	110		Review Game for Lessons 109-110	9:29				https://www.youtube.com/watch?v=l722mZqWRSU			Juego de repaso de las lecciones 109-110	
G	111		Don't do it! Negative Commands with אַל־	20:55	0			https://www.youtube.com/watch?v=EBXP7ioVmUI				
P	111	b	"Do not fear, for I am with you"	6:05				https://www.youtube.com/watch?v=PLljOoUQShU				
S	111		Gideon is afraid - גִּדְעוֹן יָרֵא כִּי רָאָה אֶת־מַלְאַךְ יהוה 	1:31				https://www.youtube.com/watch?v=WGeLVcMGc-E				
G	112		Abraham and his Son part 1	20:49	0			https://www.youtube.com/watch?v=P4JB9OeZO_A				
R	112		Review Game for Lessons 111-112	11:23				https://www.youtube.com/watch?v=M3FdKbkiU_c			Juego de repaso de las lecciones 111-112	
G	113		Love & Hate	20:19	0			https://www.youtube.com/watch?v=sOn-0YpJS7E				
G	114		יְמֵי חַיֵּי יַעֲקֹב - The Days of the Life of Jacob	22:15	0			https://www.youtube.com/watch?v=lB7tJMWxL0w				
X	114		יְמֵי חַיֵּי יַעֲקֹב - The Days of the Life of Jacob	11:17				https://www.youtube.com/watch?v=CfI38FeAc2I				
R	114		Review Game for Lessons 113-114	9:38				https://www.youtube.com/watch?v=UIweE1HPzsk			Juego de repaso de las lecciones 113-114	
G	115		Alone & Together	17:53	0			https://www.youtube.com/watch?v=16tjhQGBiT0				
G	116		Near & Far	14:29	0			https://www.youtube.com/watch?v=CmIugls3ACs				
R	116		Review Game for Lessons 115-116	7:35				https://www.youtube.com/watch?v=bDWtU0dMAfo			Juego de repaso de las lecciones 115-116	
G	117		Cause to Go Up and Down - Causative Hiph'il Verbs 1	23:02	0			https://www.youtube.com/watch?v=A6xsExGyGLA				
X	117		יוֹסֵף וְאֶחָיו - Joseph and His Brothers	3:17				https://www.youtube.com/watch?v=GwxvQlZz-3w				
S	117		שָׁאוּל וּבַעֲלַת־הָאוֹב - Saul and the Medium	5:27				https://www.youtube.com/watch?v=7JlFXsFj1_Q				
G	118		Abraham and His Son part 2	21:36	0			https://www.youtube.com/watch?v=K63OfFu_lZM				
P	118	b	People Making Burnt Offerings - אֲנָשִׁים מַעֲלִים עֹלוֹת	4:24				https://www.youtube.com/watch?v=M8_ACBZoMSQ				
X	118		Abraham and His Son - אַבְרָהָם וּבְנוֹ 	8:01				https://www.youtube.com/watch?v=nXishmLJ5Ok				
R	118		Review Game for Lessons 117-118	9:07				https://www.youtube.com/watch?v=XSqSkBGbCe0			Juego de repaso de las lecciones 117-118	
G	119		Approach/Draw Near	20:50	0			https://www.youtube.com/watch?v=nAcxouMQ3ro				
G	120		Veqatal 1: Future Sequences	18:09	0			https://www.youtube.com/watch?v=oQzq14ALrTs				
R	120		Review Game for Lessons 119-120	15:49				https://www.youtube.com/watch?v=iyxGI2KI_8k			Juego de repaso de las lecciones 119-120	
G	121		Veqatal 2: In Context	20:34	0			https://www.youtube.com/watch?v=vnbZE8cpYJw				
P	121	b	This is What the King Will Do	8:50				https://www.youtube.com/watch?v=jDA9VtI3pCE				
G	122		The Messenger of God Appears	18:55	0			https://www.youtube.com/watch?v=tsSvsD3aAAQ				
X	122		The Messenger Appears to Manoah's Wife	5:26				https://www.youtube.com/watch?v=Q3MRya9jGp0				
R	122		Review Game for Lessons 121-122	16:54				https://www.youtube.com/watch?v=lNNDYQ2MNng			Juego de repaso de las lecciones 121-122	
G	123		Open the Door	19:37	0			https://www.youtube.com/watch?v=r5zG_8mmKU0				
G	124		Bring / Cause to Come	20:38	0			https://www.youtube.com/watch?v=LyqUe_nruNc				
S	124		מֹשֶׁה בַּיְאֹר - Moses on the Nile	3:24				https://www.youtube.com/watch?v=MB7_m-yQqno				
R	124		Review Game for Lessons 123-124	14:42				https://www.youtube.com/watch?v=Pens3gliC-E			Juego de repaso de las lecciones 123-124	
G	125		Jeremiah and the Rechabites	21:57	0			https://www.youtube.com/watch?v=h93PJMTwMBY				
X	125		Jeremiah and the Rechabites - יִרְמְיָהוּ וְהָרֵכָבִים	5:27				https://www.youtube.com/watch?v=y5djnlvtmyc				
G	126		God Opens Rachel's Womb	19:16	0			https://www.youtube.com/watch?v=_-NUyh9KqPc				
R	126		Review Game for Lessons 125-126	8:42				https://www.youtube.com/watch?v=nDWOb99zqQo			Juego de repaso de las lecciones 125-126	
G	127		Conditional 'if' clauses with אִם־	17:35	0			https://www.youtube.com/watch?v=HJrK59eQrwo				
P	127	b	"Solomon, Jeroboam and the Kingdom"	8:14				https://www.youtube.com/watch?v=_DQ0bpMH3lo				
G	128		חֶסֶד - Loyal Covenant Love	24:18	0			https://www.youtube.com/watch?v=1T1lVHzVdwc				
P	128	b	Righteousness and Uprightness of Heart	5.34				https://www.youtube.com/watch?v=fv2rReLA4jc				
R	128		Review Game for Lessons 127-128	10:00				Link TBD			Juego de repaso de las lecciones 127-128	
G	129		Lesson 129	20:00	0			Link TBD				
G	130		Lesson 130	20:00	0			Link TBD				
R	130		Review Game for Lessons 129-130	10:00				Link TBD			Juego de repaso de las lecciones 129-130	
G	131		Lesson 131	20:00	0			Link TBD				
G	132		Lesson 132	20:00	0			Link TBD				
R	132		Review Game for Lessons 131-132	10:00				Link TBD			Juego de repaso de las lecciones 131-132	
G	133		Lesson 133	20:00	0			Link TBD				
G	134		Lesson 134	20:00	0			Link TBD				
R	134		Review Game for Lessons 133-134	10:00				Link TBD			Juego de repaso de las lecciones 133-134	
G	135		Lesson 135	20:00	0			Link TBD				
G	136		Lesson 136	20:00	0			Link TBD				
R	136		Review Game for Lessons 135-136	10:00				Link TBD			Juego de repaso de las lecciones 135-136	
G	137		Lesson 137	20:00	0			Link TBD				
G	138		Lesson 138	20:00	0			Link TBD				
R	138		Review Game for Lessons 137-138	10:00				Link TBD			Juego de repaso de las lecciones 137-138	
G	139		Lesson 139	20:00	0			Link TBD				
G	140		Lesson 140	20:00	0			Link TBD				
R	140		Review Game for Lessons 139-140	10:00				Link TBD			Juego de repaso de las lecciones 139-140	
G	141		Lesson 141	20:00	0			Link TBD				
G	142		Lesson 142	20:00	0			Link TBD				
R	142		Review Game for Lessons 141-142	10:00				Link TBD			Juego de repaso de las lecciones 141-142	
G	143		Lesson 143	20:00	0			Link TBD				
G	144		Lesson 144	20:00	0			Link TBD				
R	144		Review Game for Lessons 143-144	10:00				Link TBD			Juego de repaso de las lecciones 143-144	
G	145		Lesson 145	20:00	0			Link TBD				
G	146		Lesson 146	20:00	0			Link TBD				
R	146		Review Game for Lessons 145-146	10:00				Link TBD			Juego de repaso de las lecciones 145-146	
G	147		Lesson 147	20:00	0			Link TBD				
G	148		Lesson 148	20:00	0			Link TBD				
R	148		Review Game for Lessons 147-148	10:00				Link TBD			Juego de repaso de las lecciones 147-148	
G	149		Lesson 149	20:00	0			Link TBD				
G	150		Lesson 150	20:00	0			Link TBD				
R	150		Review Game for Lessons 149-150	10:00				Link TBD			Juego de repaso de las lecciones 149-150	